{
    "wpisy": [
        {
            "sciezka": "Dane",
            "typ": "folder",
            "bajty": 0,
            "czas": "-"
        },
        {
            "sciezka": "Dane/Presety",
            "typ": "folder",
            "bajty": 0,
            "czas": "-"
        },
        {
            "sciezka": "Dokumentacja",
            "typ": "folder",
            "bajty": 0,
            "czas": "-"
        },
        {
            "sciezka": "Dokumentacja/api_dokumentacja.md",
            "typ": "md",
            "bajty": 3448,
            "czas": "2025-07-12 05:07"
        },
        {
            "sciezka": "Dokumentacja/FUNKCJE.md",
            "typ": "md",
            "bajty": 11866,
            "czas": "2025-07-12 05:07"
        },
        {
            "sciezka": "Dokumentacja/komentarze_projektu.md",
            "typ": "md",
            "bajty": 6510,
            "czas": "2025-07-12 05:07"
        },
        {
            "sciezka": "Dokumentacja/Manualne",
            "typ": "folder",
            "bajty": 0,
            "czas": "-"
        },
        {
            "sciezka": "Dokumentacja/Manualne/Cel Projektu Stitching Devkit.pdf",
            "typ": "pdf",
            "bajty": 21779,
            "czas": "2025-07-12 02:00"
        },
        {
            "sciezka": "Dokumentacja/Manualne/Dane Presety Gpu.pdf",
            "typ": "pdf",
            "bajty": 70914,
            "czas": "2025-07-12 02:07"
        },
        {
            "sciezka": "Dokumentacja/Manualne/Edytor Gui Stitching.pdf",
            "typ": "pdf",
            "bajty": 101104,
            "czas": "2025-07-12 02:12"
        },
        {
            "sciezka": "Dokumentacja/Manualne/Komentarze Techniczne.pdf",
            "typ": "pdf",
            "bajty": 65452,
            "czas": "2025-07-12 04:13"
        },
        {
            "sciezka": "Dokumentacja/Manualne/Obsługiwane Typy Danych.pdf",
            "typ": "pdf",
            "bajty": 94383,
            "czas": "2025-07-12 02:19"
        },
        {
            "sciezka": "Dokumentacja/Manualne/Tryby Blendowania.pdf",
            "typ": "pdf",
            "bajty": 101574,
            "czas": "2025-07-12 02:41"
        },
        {
            "sciezka": "Dokumentacja/Manualne/Uzupelnienie Projektu.pdf",
            "typ": "pdf",
            "bajty": 44750,
            "czas": "2025-07-12 02:50"
        },
        {
            "sciezka": "Dokumentacja/Manualne/Wykrywanie Sąsiadów Terrainów.pdf",
            "typ": "pdf",
            "bajty": 41502,
            "czas": "2025-07-12 02:03"
        },
        {
            "sciezka": "Dokumentacja/Manualne/Zasady Stitching Devkit.pdf",
            "typ": "pdf",
            "bajty": 70557,
            "czas": "2025-07-12 02:04"
        },
        {
            "sciezka": "Dokumentacja/nieużywane_pliki.md",
            "typ": "md",
            "bajty": 291,
            "czas": "2025-07-12 05:08"
        },
        {
            "sciezka": "Dokumentacja/prompty_2025-07-12.md",
            "typ": "md",
            "bajty": 16998,
            "czas": "2025-07-12 05:07"
        },
        {
            "sciezka": "Dokumentacja/proponowane_przeniesienia.md",
            "typ": "md",
            "bajty": 106,
            "czas": "2025-07-12 05:07"
        },
        {
            "sciezka": "Dokumentacja/relacje_klas.dot",
            "typ": "dot",
            "bajty": 477,
            "czas": "2025-07-12 05:08"
        },
        {
            "sciezka": "Dokumentacja/relacje_klas.md",
            "typ": "md",
            "bajty": 491,
            "czas": "2025-07-12 05:08"
        },
        {
            "sciezka": "Dokumentacja/skróty_i_dialogi.md",
            "typ": "md",
            "bajty": 1242,
            "czas": "2025-07-12 05:08"
        },
        {
            "sciezka": "Dokumentacja/spis_scen.md",
            "typ": "md",
            "bajty": 31,
            "czas": "2025-07-12 05:08"
        },
        {
            "sciezka": "Dokumentacja/spis_typów_danych.md",
            "typ": "md",
            "bajty": 528,
            "czas": "2025-07-12 05:07"
        },
        {
            "sciezka": "Dokumentacja/TAGI_KLAS_I_FUNKCJI.md",
            "typ": "md",
            "bajty": 2702,
            "czas": "2025-07-12 05:07"
        },
        {
            "sciezka": "Scenes",
            "typ": "folder",
            "bajty": 0,
            "czas": "-"
        },
        {
            "sciezka": "Scripts",
            "typ": "folder",
            "bajty": 0,
            "czas": "-"
        },
        {
            "sciezka": "Scripts/Narzędzia",
            "typ": "folder",
            "bajty": 0,
            "czas": "-"
        },
        {
            "sciezka": "Scripts/Narzędzia/AI",
            "typ": "folder",
            "bajty": 0,
            "czas": "-"
        },
        {
            "sciezka": "Scripts/Narzędzia/AI/APIDokumentacjaGenerator.cs",
            "typ": "cs",
            "bajty": 2607,
            "czas": "2025-07-10 11:03"
        },
        {
            "sciezka": "Scripts/Narzędzia/AI/EksporterFunkcji.cs",
            "typ": "cs",
            "bajty": 4633,
            "czas": "2025-07-12 04:26"
        },
        {
            "sciezka": "Scripts/Narzędzia/AI/GeneratorPlikuZasadyAI.cs",
            "typ": "cs",
            "bajty": 5248,
            "czas": "2025-07-10 11:03"
        },
        {
            "sciezka": "Scripts/Narzędzia/AI/GeneratorPromptówDoAI.cs",
            "typ": "cs",
            "bajty": 2343,
            "czas": "2025-07-10 11:03"
        },
        {
            "sciezka": "Scripts/Narzędzia/AI/ListaKomentarzy.cs",
            "typ": "cs",
            "bajty": 2268,
            "czas": "2025-07-10 11:03"
        },
        {
            "sciezka": "Scripts/Narzędzia/AI/SpisTypówDanych.cs",
            "typ": "cs",
            "bajty": 3113,
            "czas": "2025-07-10 11:03"
        },
        {
            "sciezka": "Scripts/Narzędzia/AI/TaggerKlasIFunkcji.cs",
            "typ": "cs",
            "bajty": 3246,
            "czas": "2025-07-12 04:23"
        },
        {
            "sciezka": "Scripts/Narzędzia/Automatyzacja",
            "typ": "folder",
            "bajty": 0,
            "czas": "-"
        },
        {
            "sciezka": "Scripts/Narzędzia/Automatyzacja/Analiza",
            "typ": "folder",
            "bajty": 0,
            "czas": "-"
        },
        {
            "sciezka": "Scripts/Narzędzia/Automatyzacja/Analiza/AnalizaStatystyk.cs",
            "typ": "cs",
            "bajty": 2208,
            "czas": "2025-07-12 04:43"
        },
        {
            "sciezka": "Scripts/Narzędzia/Automatyzacja/Analiza/DANE_STATYSTYK.cs",
            "typ": "cs",
            "bajty": 1228,
            "czas": "2025-07-12 04:59"
        },
        {
            "sciezka": "Scripts/Narzędzia/Automatyzacja/Analiza/ParserHierarchii.cs",
            "typ": "cs",
            "bajty": 3668,
            "czas": "2025-07-12 04:53"
        },
        {
            "sciezka": "Scripts/Narzędzia/Automatyzacja/Analiza/RaportMarkdown.cs",
            "typ": "cs",
            "bajty": 3992,
            "czas": "2025-07-12 04:54"
        },
        {
            "sciezka": "Scripts/Narzędzia/Automatyzacja/Eksport",
            "typ": "folder",
            "bajty": 0,
            "czas": "-"
        },
        {
            "sciezka": "Scripts/Narzędzia/Automatyzacja/Eksport/EksportSceny.cs",
            "typ": "cs",
            "bajty": 1665,
            "czas": "2025-07-10 14:13"
        },
        {
            "sciezka": "Scripts/Narzędzia/Automatyzacja/Eksport/FormatterHierarchii.cs",
            "typ": "cs",
            "bajty": 1686,
            "czas": "2025-07-10 14:12"
        },
        {
            "sciezka": "Scripts/Narzędzia/Automatyzacja/Eksport/ZbieraczHierarchii.cs",
            "typ": "cs",
            "bajty": 3356,
            "czas": "2025-07-10 14:10"
        },
        {
            "sciezka": "Scripts/Narzędzia/Automatyzacja/GeneratorPelnychStrukturCS.cs",
            "typ": "cs",
            "bajty": 2611,
            "czas": "2025-07-10 12:39"
        },
        {
            "sciezka": "Scripts/Narzędzia/Automatyzacja/Wspólne",
            "typ": "folder",
            "bajty": 0,
            "czas": "-"
        },
        {
            "sciezka": "Scripts/Narzędzia/Automatyzacja/Wspólne/CzekaczNaPlik.cs",
            "typ": "cs",
            "bajty": 2115,
            "czas": "2025-07-12 05:06"
        },
        {
            "sciezka": "Scripts/Narzędzia/Automatyzacja/Wspólne/DebugerSceny.cs",
            "typ": "cs",
            "bajty": 1609,
            "czas": "2025-07-10 14:19"
        },
        {
            "sciezka": "Scripts/Narzędzia/Automatyzacja/Wspólne/PlikEksportuHelper.cs",
            "typ": "cs",
            "bajty": 1487,
            "czas": "2025-07-10 14:17"
        },
        {
            "sciezka": "Scripts/Narzędzia/Backup",
            "typ": "folder",
            "bajty": 0,
            "czas": "-"
        },
        {
            "sciezka": "Scripts/Narzędzia/Backup/DiffPlikówProjektu.cs",
            "typ": "cs",
            "bajty": 3078,
            "czas": "2025-07-10 11:03"
        },
        {
            "sciezka": "Scripts/Narzędzia/Backup/NarzędzieKopiaProjektu.cs",
            "typ": "cs",
            "bajty": 2131,
            "czas": "2025-07-10 11:03"
        },
        {
            "sciezka": "Scripts/Narzędzia/Backup/VersionTracker.cs",
            "typ": "cs",
            "bajty": 2983,
            "czas": "2025-07-10 11:03"
        },
        {
            "sciezka": "Scripts/Narzędzia/BrushTools",
            "typ": "folder",
            "bajty": 0,
            "czas": "-"
        },
        {
            "sciezka": "Scripts/Narzędzia/BrushTools/BrushTransform.cs",
            "typ": "cs",
            "bajty": 249,
            "czas": "2025-07-10 12:18"
        },
        {
            "sciezka": "Scripts/Narzędzia/Dane",
            "typ": "folder",
            "bajty": 0,
            "czas": "-"
        },
        {
            "sciezka": "Scripts/Narzędzia/Edytor",
            "typ": "folder",
            "bajty": 0,
            "czas": "-"
        },
        {
            "sciezka": "Scripts/Narzędzia/Edytor/AutoKategoryzator.cs",
            "typ": "cs",
            "bajty": 2825,
            "czas": "2025-07-10 11:03"
        },
        {
            "sciezka": "Scripts/Narzędzia/Edytor/AutoPoprawiaczNazwFunkcji.cs",
            "typ": "cs",
            "bajty": 4053,
            "czas": "2025-07-10 11:01"
        },
        {
            "sciezka": "Scripts/Narzędzia/Edytor/EksporterRelacjiPrefab.cs",
            "typ": "cs",
            "bajty": 3236,
            "czas": "2025-07-10 11:03"
        },
        {
            "sciezka": "Scripts/Narzędzia/Edytor/IndeksPrefabów.cs",
            "typ": "cs",
            "bajty": 3248,
            "czas": "2025-07-10 11:26"
        },
        {
            "sciezka": "Scripts/Narzędzia/Edytor/KreatorNowejKlasy.cs",
            "typ": "cs",
            "bajty": 2847,
            "czas": "2025-07-10 07:30"
        },
        {
            "sciezka": "Scripts/Narzędzia/Edytor/SkanerDialogówISkrótów.cs",
            "typ": "cs",
            "bajty": 2959,
            "czas": "2025-07-10 11:03"
        },
        {
            "sciezka": "Scripts/Narzędzia/Edytor/SkanerDuplikacjiKodu.cs",
            "typ": "cs",
            "bajty": 4975,
            "czas": "2025-07-10 11:48"
        },
        {
            "sciezka": "Scripts/Narzędzia/Edytor/SpisScenZOpisami.cs",
            "typ": "cs",
            "bajty": 1919,
            "czas": "2025-07-10 11:03"
        },
        {
            "sciezka": "Scripts/Narzędzia/Edytor/ZliczaczNieużywanychPlików.cs",
            "typ": "cs",
            "bajty": 4244,
            "czas": "2025-07-10 11:19"
        },
        {
            "sciezka": "Scripts/Narzędzia/GPU",
            "typ": "folder",
            "bajty": 0,
            "czas": "-"
        },
        {
            "sciezka": "Scripts/Narzędzia/GUI",
            "typ": "folder",
            "bajty": 0,
            "czas": "-"
        },
        {
            "sciezka": "Scripts/Narzędzia/Heightmap",
            "typ": "folder",
            "bajty": 0,
            "czas": "-"
        },
        {
            "sciezka": "Scripts/Narzędzia/Pędzle",
            "typ": "folder",
            "bajty": 0,
            "czas": "-"
        },
        {
            "sciezka": "Scripts/Narzędzia/Sterowniki",
            "typ": "folder",
            "bajty": 0,
            "czas": "-"
        },
        {
            "sciezka": "Scripts/Narzędzia/Struktura",
            "typ": "folder",
            "bajty": 0,
            "czas": "-"
        },
        {
            "sciezka": "Scripts/Narzędzia/Struktura/PorównywarkaStruktur.cs",
            "typ": "cs",
            "bajty": 3561,
            "czas": "2025-07-10 11:23"
        },
        {
            "sciezka": "Scripts/Narzędzia/Struktura/RelacjeMiędzyKlasami.cs",
            "typ": "cs",
            "bajty": 2625,
            "czas": "2025-07-10 11:03"
        },
        {
            "sciezka": "Scripts/Narzędzia/Struktura/SnapshotProjektu.cs",
            "typ": "cs",
            "bajty": 3440,
            "czas": "2025-07-10 11:03"
        },
        {
            "sciezka": "Scripts/Narzędzia/Struktura/StatystykiKodowe.cs",
            "typ": "cs",
            "bajty": 2874,
            "czas": "2025-07-10 11:03"
        },
        {
            "sciezka": "Scripts/Narzędzia/Struktura/StrukturaKatalogówDoTXT.cs",
            "typ": "cs",
            "bajty": 3125,
            "czas": "2025-07-10 11:03"
        },
        {
            "sciezka": "Scripts/Narzędzia/Testy",
            "typ": "folder",
            "bajty": 0,
            "czas": "-"
        },
        {
            "sciezka": "Scripts/Narzędzia/Walidacja",
            "typ": "folder",
            "bajty": 0,
            "czas": "-"
        },
        {
            "sciezka": "Scripts/Narzędzia/Walidacja/ChecklistyZgodności.cs",
            "typ": "cs",
            "bajty": 2780,
            "czas": "2025-07-12 04:27"
        },
        {
            "sciezka": "Scripts/Narzędzia/Walidacja/LicznikTagówDebug.cs",
            "typ": "cs",
            "bajty": 2565,
            "czas": "2025-07-10 11:03"
        },
        {
            "sciezka": "Scripts/Narzędzia/Walidacja/ValidatorPlikówHeightmapy.cs",
            "typ": "cs",
            "bajty": 3637,
            "czas": "2025-07-12 04:22"
        },
        {
            "sciezka": "ZASADY_AI.md",
            "typ": "md",
            "bajty": 633,
            "czas": "2025-07-12 05:07"
        }
    ]
}